<?xml version="1.0" encoding="UTF-8"?>
<project-private xmlns="http://www.netbeans.org/ns/project-private/1">
    <editor-bookmarks xmlns="http://www.netbeans.org/ns/editor-bookmarks/2" lastBookmarkId="0"/>
    <open-files xmlns="http://www.netbeans.org/ns/projectui-open-files/2">
        <group>
            <file>file:/E:/我的文档/NetBeansProjects/Flight-Booking-System/Flight-Booking-System/Flight-Booking-System/src/DB_Layer/DaoFactory.java</file>
            <file>file:/E:/我的文档/NetBeansProjects/Flight-Booking-System/Flight-Booking-System/Flight-Booking-System/Database/Flights.csv</file>
            <file>file:/E:/我的文档/NetBeansProjects/Flight-Booking-System/Flight-Booking-System/Flight-Booking-System/src/ui/Test.java</file>
            <file>file:/E:/我的文档/NetBeansProjects/Flight-Booking-System/Flight-Booking-System/Flight-Booking-System/src/business_layer/FlightsManager.java</file>
            <file>file:/E:/我的文档/NetBeansProjects/Flight-Booking-System/Flight-Booking-System/Flight-Booking-System/src/ui/gui/FlightSearch.java</file>
            <file>file:/E:/我的文档/NetBeansProjects/Flight-Booking-System/Flight-Booking-System/Flight-Booking-System/src/business_layer/Flight.java</file>
            <file>file:/E:/我的文档/NetBeansProjects/Flight-Booking-System/Flight-Booking-System/Flight-Booking-System/src/DB_Layer/FlightsDAO.java</file>
        </group>
    </open-files>
</project-private>
